1,Boldeisti-scaeny,Parova,11505
2,Boldeisti-scaeny,Parova,11505
3,Boldeisti-scaeny,Parova,11505
4,Boldeisti-scaeny,Parova,11505
5,Boldeisti-scaeny,Parova,11505
6,Boldeisti-scaeny2,Parova2,11505
7,Boldeisti-scaeny2,Parova2,11500
8,Boldeisti-scaeny2,Parova2,11505
9,Boldeisti-scaeny2,Parova2,11505
10,Boldeisti-scaeny3,Parova3,11505
11,Boldeisti-scaeny3,Parova3,11505
12,Boldeisti-scaeny3,Parova3,11505
13,Boldeisti-scaeny3,Parova3,11505
14,Boldeisti-scaeny4,Parova4,11505
15,Boldeisti-scaeny4,Parova4,11505
16,Boldeisti-scaeny4,Parova4,11505
17,Boldeisti-scaeny4,Parova4,11505
18,Boldeisti-scaeny4,Parova4,11505
19,Boldeisti-scaeny4,Parova4,11505
20,Boldeisti-scaeny4,Parova4,11505
21,Boldeisti-scaeny4,Parova4,11505